Quote ID,Date,Supplier,Product,Electronic Component 1 Name,Electronic Component 1 Cost,Mechanical Component 1 Name,Mechanical Component 1 Cost,Raw Material 1 Name,Raw Material 1 Cost,Conversion Cost 1 Type,Conversion Cost 1 Detail,Conversion Cost 1 Cost,Logistic Choice,Estimated Delivery Cost,Total Cost per Unit,Quantity,Total Project Cost,Electronic Component 2 Name,Electronic Component 2 Cost,Electronic Component 3 Name,Electronic Component 3 Cost,Mechanical Component 2 Name,Mechanical Component 2 Cost,Mechanical Component 3 Name,Mechanical Component 3 Cost,Raw Material 2 Name,Raw Material 2 Cost,Conversion Cost 2 Type,Conversion Cost 2 Detail,Conversion Cost 2 Cost,Conversion Cost 3 Type,Conversion Cost 3 Detail,Conversion Cost 3 Cost,Quality Control 1 Type,Quality Control 1 Detail,Quality Control 1 Cost,Quality Control 2 Type,Quality Control 2 Detail,Quality Control 2 Cost
001,10th February 2071,AutoElectrix,TPS-100,Potentiometer,0.6,Injection-Molded Plastic Casing,0.47,ABS Plastic,0.35,Labor,Assembly Labor,0.6,Air,0.47,6.79,928.89,7042.19,Microcontroller,1.47,Voltage Regulator,0.34,Brass Contact Pins,0.39,Mounting Clamp,0.38,Steel,0.39,Labor,Testing and Calibration,0.48,Labor,Packaging Labor,0.27,Quality Control,Inspection,0.25,Quality Control,Testing Equipment Depreciation,0.15
002,15th February 2071,ElectroParts,O2-Sensor-200,Resistor,0.78,Thermal Shielding,0.57,Aluminum,0.35,Labor,Welding Labor,0.74,Road,0.54,6.86,960.19,6095.9,Pressure Sensor,1.12,Heat Sink,0.27,Spring Clip,0.28,Gear Mechanism,0.44,Copper,0.39,Labor,Quality Inspection,0.55,Labor,Transportation Handling,0.27,Quality Control,Functionality Test,0.25,Quality Control,Environmental Stress Screening,0.17
003,20th February 2071,AdvancedAuto,ECU-300,Capacitor,0.69,Mounting Bracket,0.38,Stainless Steel,0.4,Labor,Circuit Board Assembly,0.6,Sea,0.54,7.25,861.64,8329.41,Transistor,1.17,Diode,0.29,Connector Housing,0.39,Adjustable Lever,0.35,Nickel,0.35,Labor,Machine Calibration,0.38,Labor,Handling and Storage,0.39,Quality Control,Dimensional Inspection,0.24,Quality Control,Life Cycle Testing,0.27
004,25th February 2071,AutoInnovate,TPS-101,Thermistor,0.65,Rubber Seal,0.42,Silicone Rubber,0.46,Labor,Surface Treatment,0.71,Air,0.59,7.56,803.76,6651.87,Temperature Sensor,0.81,Amplifier,0.21,Copper Wire,0.34,Rotary Shaft,0.28,Titanium,0.3,Labor,Electronic Testing,0.41,Labor,Inventory Management,0.26,Quality Control,Material Analysis,0.16,Quality Control,Vibration Analysis,0.21
005,28th February 2071,TechnoDrive,O2-Sensor-201,LED,0.73,Actuator Arm,0.38,Brass,0.36,Labor,Electroplating,0.71,Sea,0.54,6.44,969.61,4310.56,Relay,1.23,Operational Amplifier,0.31,Plastic Knob,0.3,Cam Follower,0.28,Zinc,0.3,Labor,Assembly Line Setup,0.39,Labor,Import Duties,0.32,Quality Control,Pressure Testing,0.23,Quality Control,Reliability Testing,0.24
006,1st March 2071,AutoTechSolutions,ECU-301,Diode,0.51,Connector Body,0.39,Glass,0.47,Labor,Molding,0.57,Road,0.58,8.26,1097.34,8335.47,Inductor,0.79,Crystal Oscillator,0.35,Steel Rod,0.37,Linkage Assembly,0.45,Graphite,0.29,Labor,Equipment Maintenance,0.4,Labor,Export Processing,0.26,Quality Control,Electrical Testing,0.25,Quality Control,Wear Testing,0.22
007,4th March 2071,InnovativeAuto,TPS-102,Integrated Circuit,0.66,Valve Body,0.57,Rubber,0.41,Labor,Coating Application,0.61,Sea,0.57,6.62,564.88,5444.35,Piezoelectric Sensor,1.56,Filter,0.28,Ceramic Disc,0.35,Control Arm,0.32,Lead,0.29,Labor,Worker Training,0.51,Labor,Customs Clearance,0.41,Quality Control,Chemical Analysis,0.2,Quality Control,Endurance Testing,0.11
008,7th March 2071,ElectroDynamic,O2-Sensor-202,Fuse,0.55,Heat Sink,0.55,Carbon Fiber,0.48,Labor,Heat Treatment,0.65,Air,0.47,7.11,515.74,4772.41,Servo Motor,0.78,Rectifier,0.26,Metal Clip,0.28,Bushing Assembly,0.37,Iron,0.26,Labor,Safety Testing,0.54,Labor,Quality Assurance,0.33,Quality Control,Torque Testing,0.16,Quality Control,Non-Destructive Testing,0.19
009,10th March 2071,AutoInnovations,ECU-302,Voltage Regulator,0.77,Piston,0.49,Polycarbonate,0.4,Labor,Polishing,0.69,Road,0.51,7.28,1121.22,6097.48,Optocoupler,1.58,Power Supply,0.35,Wire Harness,0.24,Pivot Point,0.3,Alloy Steel,0.32,Labor,Process Optimization,0.46,Labor,Supply Chain Management,0.45,Quality Control,Leak Testing,0.31,Quality Control,Durability Testing,0.18
010,13th March 2071,TechnoParts,TPS-103,Oscillator,0.47,Gasket,0.47,Teflon,0.45,Labor,Annealing,0.67,Sea,0.56,7.33,890.39,5346.94,Magnetic Sensor,1.37,Charge Controller,0.22,Spring,0.3,Slider Mechanism,0.32,Magnesium,0.26,Labor,Product Certification,0.41,Labor,Logistics Coordination,0.44,Quality Control,Acoustic Testing,0.2,Quality Control,Impact Testing,0.17
011,16th March 2071,DynamicAuto,O2-Sensor-203,Transducer,0.57,Bracket Assembly,0.54,Ceramic,0.39,Labor,Casting,0.6,Air,0.62,7.43,797.85,6572.79,Variable Resistor,0.73,Energy Harvester,0.25,Pin Connector,0.23,Rack and Pinion,0.29,Tungsten,0.3,Labor,Tooling Setup,0.41,Labor,Risk Management,0.4,Quality Control,Radiographic Inspection,0.19,Quality Control,Corrosion Testing,0.12
012,19th March 2071,EcoAutoTech,ECU-303,Photodiode,0.59,Switch Assembly,0.57,High-Density Polyethylene,0.47,Labor,Drilling,0.62,Road,0.58,7.15,693.61,6900.49,LCD Display,1.46,Signal Processor,0.3,Rivet,0.32,Helical Spring,0.3,Silicon,0.31,Labor,Firmware Updating,0.46,Labor,Inventory Optimization,0.45,Quality Control,Spectral Analysis,0.29,Quality Control,Thermal Cycling,0.21
013,22nd March 2071,NextGenAuto,TPS-104,Piezoelectric Crystal,0.71,Frame Structure,0.59,Composite Material,0.4,Labor,Stamping,0.6,Sea,0.54,8.3,1158.42,5690.09,RFID Chip,1.51,Hall Effect Sensor,0.21,Bearing,0.34,Sprocket Assembly,0.33,Bronze,0.29,Labor,Workflow Analysis,0.53,Labor,Transport Licensing,0.28,Quality Control,Ultrasonic Testing,0.22,Quality Control,Fatigue Testing,0.15
014,25th March 2071,AutoFuturistics,O2-Sensor-204,Hall Sensor,0.78,Exhaust Clamp,0.43,Titanium Alloy,0.39,Labor,Laser Cutting,0.62,Air,0.45,6.77,590.87,6902.08,Bluetooth Module,0.94,Analog-to-Digital Converter,0.29,Bolt,0.25,Link Chain,0.38,Platinum,0.42,Labor,Prototype Development,0.43,Labor,Order Processing,0.4,Quality Control,X-Ray Inspection,0.15,Quality Control,Load Testing,0.21
015,28th March 2071,TechDriveSolutions,ECU-304,RFID Reader,0.52,Spring Assembly,0.39,Nylon,0.46,Labor,Forging,0.63,Road,0.41,6.96,549.08,6538.63,GPS Module,1.24,Power Amplifier,0.29,Screw,0.3,Linear Actuator,0.28,Silver,0.37,Labor,Energy Efficiency Testing,0.53,Labor,Material Sourcing,0.41,Quality Control,Tensile Testing,0.3,Quality Control,Pressure Cycle Testing,0.26
016,31st March 2071,AutoTechSolutions,ECU-305,Solenoid,0.67,Filter Housing,0.51,Fiberglass,0.36,Labor,Extrusion,0.67,Road,0.43,8.09,1155.28,6939.76,Accelerometer,1.58,DC-DC Converter,0.27,Nut,0.24,Actuator Rod,0.42,Galvanized Steel,0.37,Labor,Operational Efficiency Analysis,0.47,Labor,Supply Network Planning,0.37,Quality Control,Hermetic Testing,0.32,Quality Control,Shock Testing,0.1
017,3rd April 2071,InnovativeAuto,TPS-105,Potentiometer,0.49,Injection-Molded Plastic Casing,0.41,ABS Plastic,0.34,Labor,Assembly Labor,0.62,Sea,0.51,6.63,523.8,7034.92,Microcontroller,1.32,Voltage Regulator,0.22,Brass Contact Pins,0.3,Mounting Clamp,0.43,Steel,0.33,Labor,Testing and Calibration,0.52,Labor,Packaging Labor,0.44,Quality Control,Inspection,0.26,Quality Control,Testing Equipment Depreciation,0.16
018,6th April 2071,ElectroParts,O2-Sensor-205,LED,0.77,Actuator Arm,0.53,Brass,0.46,Labor,Electroplating,0.67,Sea,0.56,8.4,750.65,7745.51,Relay,1.36,Operational Amplifier,0.21,Plastic Knob,0.26,Cam Follower,0.39,Zinc,0.28,Labor,Assembly Line Setup,0.47,Labor,Import Duties,0.27,Quality Control,Pressure Testing,0.19,Quality Control,Reliability Testing,0.22
019,9th April 2071,AutoElectrix,TPS-106,Resistor,0.54,Thermal Shielding,0.57,Aluminum,0.39,Labor,Welding Labor,0.59,Air,0.43,7.43,571.28,6726.81,Pressure Sensor,0.95,Heat Sink,0.28,Spring Clip,0.32,Gear Mechanism,0.4,Copper,0.36,Labor,Quality Inspection,0.47,Labor,Transportation Handling,0.34,Quality Control,Functionality Test,0.23,Quality Control,Environmental Stress Screening,0.21
020,12th April 2071,TechnoDrive,O2-Sensor-206,Capacitor,0.64,Mounting Bracket,0.41,Stainless Steel,0.35,Labor,Circuit Board Assembly,0.6,Sea,0.5,8.27,506.84,6491.83,Transistor,1.18,Diode,0.24,Connector Housing,0.33,Adjustable Lever,0.4,Nickel,0.36,Labor,Machine Calibration,0.43,Labor,Handling and Storage,0.44,Quality Control,Dimensional Inspection,0.23,Quality Control,Life Cycle Testing,0.14
021,15th April 2071,AutoInnovate,ECU-306,Thermistor,0.53,Rubber Seal,0.56,Silicone Rubber,0.35,Labor,Surface Treatment,0.71,Road,0.44,7.65,508.72,7023.83,Temperature Sensor,0.89,Amplifier,0.31,Copper Wire,0.29,Rotary Shaft,0.37,Titanium,0.42,Labor,Electronic Testing,0.43,Labor,Inventory Management,0.26,Quality Control,Material Analysis,0.24,Quality Control,Vibration Analysis,0.17
022,18th April 2071,DynamicAuto,O2-Sensor-207,Diode,0.49,Connector Body,0.38,Glass,0.39,Labor,Molding,0.59,Air,0.5,8.25,946.53,6705.7,Inductor,1.14,Crystal Oscillator,0.28,Steel Rod,0.33,Linkage Assembly,0.4,Graphite,0.33,Labor,Equipment Maintenance,0.47,Labor,Export Processing,0.43,Quality Control,Electrical Testing,0.31,Quality Control,Wear Testing,0.27
023,21st April 2071,EcoAutoTech,ECU-307,Integrated Circuit,0.58,Valve Body,0.46,Rubber,0.41,Labor,Coating Application,0.7,Sea,0.55,8.28,568.92,6749.4,Piezoelectric Sensor,1.0,Filter,0.21,Ceramic Disc,0.27,Control Arm,0.37,Lead,0.32,Labor,Worker Training,0.54,Labor,Customs Clearance,0.39,Quality Control,Chemical Analysis,0.21,Quality Control,Endurance Testing,0.23
024,24th April 2071,NextGenAuto,TPS-107,Fuse,0.53,Heat Sink,0.49,Carbon Fiber,0.47,Labor,Heat Treatment,0.74,Road,0.48,8.32,867.72,4414.26,Servo Motor,1.1,Rectifier,0.3,Metal Clip,0.33,Bushing Assembly,0.47,Iron,0.43,Labor,Safety Testing,0.5,Labor,Quality Assurance,0.37,Quality Control,Torque Testing,0.18,Quality Control,Non-Destructive Testing,0.21
025,27th April 2071,TechDriveSolutions,ECU-308,Voltage Regulator,0.69,Piston,0.48,Polycarbonate,0.44,Labor,Polishing,0.58,Air,0.45,8.11,623.79,7798.6,Optocoupler,0.97,Power Supply,0.35,Wire Harness,0.33,Pivot Point,0.45,Alloy Steel,0.28,Labor,Process Optimization,0.47,Labor,Supply Chain Management,0.41,Quality Control,Leak Testing,0.22,Quality Control,Durability Testing,0.14
026,30th April 2071,AutoTechSolutions,TPS-108,Potentiometer,0.63,Injection-Molded Plastic Casing,0.56,ABS Plastic,0.34,Labor,Assembly Labor,0.72,Sea,0.44,6.34,875.14,8672.75,Microcontroller,1.45,Voltage Regulator,0.34,Brass Contact Pins,0.27,Mounting Clamp,0.38,Steel,0.29,Labor,Testing and Calibration,0.48,Labor,Packaging Labor,0.4,Quality Control,Inspection,0.23,Quality Control,Testing Equipment Depreciation,0.18
027,3rd May 2071,InnovativeAuto,O2-Sensor-208,Resistor,0.63,Thermal Shielding,0.55,Aluminum,0.37,Labor,Welding Labor,0.58,Road,0.54,8.19,664.68,5352.29,Pressure Sensor,1.54,Heat Sink,0.29,Spring Clip,0.27,Gear Mechanism,0.32,Copper,0.36,Labor,Quality Inspection,0.42,Labor,Transportation Handling,0.41,Quality Control,Functionality Test,0.18,Quality Control,Environmental Stress Screening,0.11
028,6th May 2071,ElectroParts,ECU-309,Capacitor,0.78,Mounting Bracket,0.43,Stainless Steel,0.4,Labor,Circuit Board Assembly,0.72,Sea,0.43,7.92,968.34,4248.31,Transistor,1.56,Diode,0.24,Connector Housing,0.32,Adjustable Lever,0.4,Nickel,0.38,Labor,Machine Calibration,0.51,Labor,Handling and Storage,0.34,Quality Control,Dimensional Inspection,0.17,Quality Control,Life Cycle Testing,0.15
029,9th May 2071,AutoElectrix,TPS-109,Thermistor,0.6,Rubber Seal,0.53,Silicone Rubber,0.45,Labor,Surface Treatment,0.62,Air,0.49,7.59,620.01,8559.2,Temperature Sensor,1.22,Amplifier,0.2,Copper Wire,0.27,Rotary Shaft,0.37,Titanium,0.31,Labor,Electronic Testing,0.46,Labor,Inventory Management,0.4,Quality Control,Material Analysis,0.26,Quality Control,Vibration Analysis,0.19
030,12th May 2071,TechnoDrive,O2-Sensor-209,LED,0.79,Actuator Arm,0.46,Brass,0.34,Labor,Electroplating,0.65,Road,0.44,6.43,731.43,4704.62,Relay,0.81,Operational Amplifier,0.26,Plastic Knob,0.3,Cam Follower,0.42,Zinc,0.37,Labor,Assembly Line Setup,0.46,Labor,Import Duties,0.28,Quality Control,Pressure Testing,0.21,Quality Control,Reliability Testing,0.24
031,15th May 2071,AutoInnovate,ECU-310,Diode,0.76,Connector Body,0.4,Glass,0.38,Labor,Molding,0.69,Air,0.56,7.13,1050.81,8942.18,Inductor,0.81,Crystal Oscillator,0.3,Steel Rod,0.26,Linkage Assembly,0.45,Graphite,0.31,Labor,Equipment Maintenance,0.49,Labor,Export Processing,0.27,Quality Control,Electrical Testing,0.15,Quality Control,Wear Testing,0.11
032,18th May 2071,DynamicAuto,TPS-110,Integrated Circuit,0.49,Valve Body,0.51,Rubber,0.39,Labor,Coating Application,0.64,Sea,0.45,7.03,798.42,7060.72,Piezoelectric Sensor,1.34,Filter,0.27,Ceramic Disc,0.33,Control Arm,0.47,Lead,0.29,Labor,Worker Training,0.5,Labor,Customs Clearance,0.45,Quality Control,Chemical Analysis,0.29,Quality Control,Endurance Testing,0.21
033,21st May 2071,EcoAutoTech,O2-Sensor-210,Fuse,0.76,Heat Sink,0.46,Carbon Fiber,0.34,Labor,Heat Treatment,0.57,Road,0.57,7.18,768.05,4459.58,Servo Motor,0.8,Rectifier,0.29,Metal Clip,0.38,Bushing Assembly,0.31,Iron,0.35,Labor,Safety Testing,0.51,Labor,Quality Assurance,0.43,Quality Control,Torque Testing,0.19,Quality Control,Non-Destructive Testing,0.2
034,24th May 2071,NextGenAuto,ECU-311,Voltage Regulator,0.7,Piston,0.39,Polycarbonate,0.37,Labor,Polishing,0.66,Air,0.45,7.32,963.13,7948.74,Optocoupler,1.51,Power Supply,0.23,Wire Harness,0.28,Pivot Point,0.44,Alloy Steel,0.41,Labor,Process Optimization,0.5,Labor,Supply Chain Management,0.42,Quality Control,Leak Testing,0.15,Quality Control,Durability Testing,0.27
035,27th May 2071,TechDriveSolutions,TPS-111,Oscillator,0.67,Gasket,0.4,Teflon,0.39,Labor,Annealing,0.58,Sea,0.42,6.88,1045.93,9323.73,Magnetic Sensor,0.98,Charge Controller,0.3,Spring,0.29,Slider Mechanism,0.37,Magnesium,0.39,Labor,Product Certification,0.5,Labor,Logistics Coordination,0.3,Quality Control,Acoustic Testing,0.28,Quality Control,Impact Testing,0.23
036,30th May 2071,AutoFuturistics,TPS-112,Potentiometer,0.52,Injection-Molded Plastic Casing,0.48,ABS Plastic,0.45,Labor,Assembly Labor,0.68,Air,0.45,7.24,834.32,6178.66,Microcontroller,1.26,Voltage Regulator,0.25,Brass Contact Pins,0.36,Mounting Clamp,0.33,Steel,0.29,Labor,Testing and Calibration,0.43,Labor,Packaging Labor,0.35,Quality Control,Inspection,0.16,Quality Control,Testing Equipment Depreciation,0.16
037,2nd June 2071,TechnoParts,O2-Sensor-211,Resistor,0.74,Thermal Shielding,0.41,Aluminum,0.45,Labor,Welding Labor,0.61,Sea,0.48,7.65,633.48,8694.37,Pressure Sensor,1.06,Heat Sink,0.36,Spring Clip,0.37,Gear Mechanism,0.46,Copper,0.43,Labor,Quality Inspection,0.53,Labor,Transportation Handling,0.34,Quality Control,Functionality Test,0.21,Quality Control,Environmental Stress Screening,0.2
038,5th June 2071,DynamicAuto,ECU-312,Capacitor,0.72,Mounting Bracket,0.58,Stainless Steel,0.42,Labor,Circuit Board Assembly,0.67,Road,0.56,7.81,933.01,6359.66,Transistor,0.87,Diode,0.35,Connector Housing,0.38,Adjustable Lever,0.46,Nickel,0.39,Labor,Machine Calibration,0.42,Labor,Handling and Storage,0.26,Quality Control,Dimensional Inspection,0.21,Quality Control,Life Cycle Testing,0.14
039,8th June 2071,EcoAutoTech,TPS-113,Thermistor,0.57,Rubber Seal,0.48,Silicone Rubber,0.34,Labor,Surface Treatment,0.58,Air,0.62,7.23,841.6,8912.86,Temperature Sensor,1.13,Amplifier,0.28,Copper Wire,0.37,Rotary Shaft,0.47,Titanium,0.37,Labor,Electronic Testing,0.55,Labor,Inventory Management,0.35,Quality Control,Material Analysis,0.19,Quality Control,Vibration Analysis,0.27
040,11th June 2071,AutoInnovate,O2-Sensor-212,LED,0.66,Actuator Arm,0.54,Brass,0.42,Labor,Electroplating,0.59,Sea,0.61,6.94,637.35,7910.46,Relay,1.1,Operational Amplifier,0.23,Plastic Knob,0.32,Cam Follower,0.45,Zinc,0.34,Labor,Assembly Line Setup,0.37,Labor,Import Duties,0.44,Quality Control,Pressure Testing,0.21,Quality Control,Reliability Testing,0.17
041,14th June 2071,NextGenAuto,ECU-313,Diode,0.62,Connector Body,0.53,Glass,0.46,Labor,Molding,0.58,Road,0.51,7.32,572.5,6631.82,Inductor,1.57,Crystal Oscillator,0.35,Steel Rod,0.26,Linkage Assembly,0.3,Graphite,0.33,Labor,Equipment Maintenance,0.44,Labor,Export Processing,0.45,Quality Control,Electrical Testing,0.29,Quality Control,Wear Testing,0.19
042,17th June 2071,TechDriveSolutions,TPS-114,Integrated Circuit,0.54,Valve Body,0.54,Rubber,0.35,Labor,Coating Application,0.68,Sea,0.43,7.98,1125.53,5922.45,Piezoelectric Sensor,1.1,Filter,0.34,Ceramic Disc,0.24,Control Arm,0.36,Lead,0.39,Labor,Worker Training,0.39,Labor,Customs Clearance,0.34,Quality Control,Chemical Analysis,0.24,Quality Control,Endurance Testing,0.24
043,20th June 2071,AutoTechSolutions,O2-Sensor-213,Fuse,0.5,Heat Sink,0.49,Carbon Fiber,0.35,Labor,Heat Treatment,0.71,Air,0.5,8.69,565.24,4803.56,Servo Motor,1.53,Rectifier,0.27,Metal Clip,0.29,Bushing Assembly,0.48,Iron,0.35,Labor,Safety Testing,0.39,Labor,Quality Assurance,0.43,Quality Control,Torque Testing,0.31,Quality Control,Non-Destructive Testing,0.27
044,23rd June 2071,InnovativeAuto,ECU-314,Voltage Regulator,0.67,Piston,0.49,Polycarbonate,0.41,Labor,Polishing,0.57,Road,0.48,8.07,1065.88,7217.34,Optocoupler,1.5,Power Supply,0.26,Wire Harness,0.27,Pivot Point,0.29,Alloy Steel,0.35,Labor,Process Optimization,0.52,Labor,Supply Chain Management,0.41,Quality Control,Leak Testing,0.17,Quality Control,Durability Testing,0.26
045,26th June 2071,ElectroParts,TPS-115,Oscillator,0.79,Gasket,0.47,Teflon,0.48,Labor,Annealing,0.68,Sea,0.49,7.37,837.58,4870.25,Magnetic Sensor,1.39,Charge Controller,0.27,Spring,0.26,Slider Mechanism,0.41,Magnesium,0.4,Labor,Product Certification,0.53,Labor,Logistics Coordination,0.37,Quality Control,Acoustic Testing,0.31,Quality Control,Impact Testing,0.21
046,29th June 2071,DynamicAuto,O2-Sensor-214,Transducer,0.76,Bracket Assembly,0.43,Ceramic,0.35,Labor,Casting,0.67,Air,0.5,7.41,1156.83,8685.01,Variable Resistor,0.79,Energy Harvester,0.34,Pin Connector,0.26,Rack and Pinion,0.32,Tungsten,0.27,Labor,Tooling Setup,0.5,Labor,Risk Management,0.28,Quality Control,Radiographic Inspection,0.25,Quality Control,Corrosion Testing,0.11
047,2nd July 2071,EcoAutoTech,ECU-315,Photodiode,0.67,Switch Assembly,0.56,High-Density Polyethylene,0.38,Labor,Drilling,0.64,Sea,0.5,8.26,741.73,8964.5,LCD Display,1.42,Signal Processor,0.26,Rivet,0.25,Helical Spring,0.42,Silicon,0.3,Labor,Firmware Updating,0.51,Labor,Inventory Optimization,0.26,Quality Control,Spectral Analysis,0.28,Quality Control,Thermal Cycling,0.2
048,5th July 2071,AutoInnovate,TPS-116,Piezoelectric Crystal,0.77,Frame Structure,0.58,Composite Material,0.43,Labor,Stamping,0.58,Road,0.61,7.58,895.16,5973.81,RFID Chip,1.37,Hall Effect Sensor,0.35,Bearing,0.28,Sprocket Assembly,0.32,Bronze,0.31,Labor,Workflow Analysis,0.5,Labor,Transport Licensing,0.3,Quality Control,Ultrasonic Testing,0.31,Quality Control,Fatigue Testing,0.2
049,8th July 2071,NextGenAuto,O2-Sensor-215,Hall Sensor,0.74,Exhaust Clamp,0.56,Titanium Alloy,0.42,Labor,Laser Cutting,0.72,Sea,0.44,8.69,833.59,5119.47,Bluetooth Module,1.1,Analog-to-Digital Converter,0.32,Bolt,0.37,Link Chain,0.34,Platinum,0.28,Labor,Prototype Development,0.54,Labor,Order Processing,0.42,Quality Control,X-Ray Inspection,0.22,Quality Control,Load Testing,0.28
050,11th July 2071,TechDriveSolutions,ECU-316,RFID Reader,0.73,Spring Assembly,0.55,Nylon,0.41,Labor,Forging,0.58,Road,0.55,6.71,924.24,6856.31,GPS Module,0.94,Power Amplifier,0.28,Screw,0.29,Linear Actuator,0.31,Silver,0.27,Labor,Energy Efficiency Testing,0.54,Labor,Material Sourcing,0.3,Quality Control,Tensile Testing,0.29,Quality Control,Pressure Cycle Testing,0.13
051,12th June 2071,InnovativeComponents,ECU-320,Transistor,0.56,Exhaust Clamp,0.43,Composite Material,0.46,Labor,Laser Cutting,0.64,Road,0.58,6.51,857.12,4811.57,Bluetooth Module,1.16,Analog-to-Digital Converter,0.27,Bolt,0.36,Link Chain,0.38,Platinum,0.31,Labor,Prototype Development,0.49,Labor,Order Processing,0.42,Quality Control,X-Ray Inspection,0.25,Quality Control,Load Testing,0.16
052,15th June 2071,NextGenAutomotive,TPS-115,GPS Module,0.57,Spring Assembly,0.38,Nylon,0.36,Labor,Forging,0.65,Sea,0.61,8.12,871.48,8624.62,Power Amplifier,1.03,Variable Resistor,0.28,Screw,0.35,Linear Actuator,0.42,Silver,0.42,Labor,Energy Efficiency Testing,0.53,Labor,Material Sourcing,0.32,Quality Control,Tensile Testing,0.18,Quality Control,Pressure Cycle Testing,0.24
053,18th June 2071,EcoTechSolutions,O2-Sensor-214,Accelerometer,0.76,Filter Housing,0.45,Fiberglass,0.41,Labor,Extrusion,0.58,Air,0.45,8.6,1045.18,4153.59,DC-DC Converter,1.0,Servo Motor,0.21,Nut,0.32,Actuator Rod,0.47,Galvanized Steel,0.36,Labor,Operational Efficiency Analysis,0.38,Labor,Supply Network Planning,0.43,Quality Control,Hermetic Testing,0.24,Quality Control,Shock Testing,0.14
054,21st June 2071,GlobalParts,ECU-322,RFID Reader,0.79,Bracket Assembly,0.44,Ceramic,0.36,Labor,Casting,0.61,Road,0.43,7.77,952.55,5474.19,Energy Harvester,0.77,Piezoelectric Sensor,0.31,Pin Connector,0.27,Rack and Pinion,0.4,Tungsten,0.31,Labor,Tooling Setup,0.36,Labor,Risk Management,0.47,Quality Control,Radiographic Inspection,0.19,Quality Control,Corrosion Testing,0.17
055,24th June 2071,AutoInnovateTech,TPS-116,Photodiode,0.72,Switch Assembly,0.53,High-Density Polyethylene,0.35,Labor,Drilling,0.64,Sea,0.5,7.29,1196.02,7280.89,LCD Display,1.44,Signal Processor,0.2,Rivet,0.26,Helical Spring,0.42,Silicon,0.29,Labor,Firmware Updating,0.4,Labor,Inventory Optimization,0.34,Quality Control,Spectral Analysis,0.16,Quality Control,Thermal Cycling,0.1
056,27th June 2071,PartsTechGlobal,ECU-323,Piezoelectric Crystal,0.47,Frame Structure,0.54,Composite Material,0.38,Labor,Stamping,0.66,Air,0.62,8.6,1084.25,7197.21,RFID Chip,0.86,Hall Effect Sensor,0.21,Bearing,0.39,Sprocket Assembly,0.39,Bronze,0.27,Labor,Workflow Analysis,0.51,Labor,Transport Licensing,0.38,Quality Control,Ultrasonic Testing,0.27,Quality Control,Fatigue Testing,0.23
057,30th June 2071,InnovationAuto,TPS-117,Hall Sensor,0.54,Exhaust Clamp,0.46,Titanium Alloy,0.45,Labor,Laser Cutting,0.7,Road,0.48,8.11,1047.22,4594.51,Bluetooth Module,1.51,Analog-to-Digital Converter,0.22,Bolt,0.38,Link Chain,0.38,Platinum,0.26,Labor,Prototype Development,0.4,Labor,Order Processing,0.4,Quality Control,X-Ray Inspection,0.29,Quality Control,Load Testing,0.19
058,3rd July 2071,AdvancedAutoParts,O2-Sensor-215,Solenoid,0.57,Filter Housing,0.59,Fiberglass,0.41,Labor,Extrusion,0.66,Sea,0.61,7.98,905.21,6522.94,Accelerometer,1.6,DC-DC Converter,0.24,Nut,0.35,Actuator Rod,0.34,Galvanized Steel,0.41,Labor,Operational Efficiency Analysis,0.49,Labor,Supply Network Planning,0.25,Quality Control,Hermetic Testing,0.17,Quality Control,Shock Testing,0.17
059,6th July 2071,AutoFutureTech,ECU-324,Capacitor,0.64,Mounting Bracket,0.42,Stainless Steel,0.41,Labor,Circuit Board Assembly,0.71,Air,0.51,8.51,1163.08,5257.86,Transistor,1.22,Diode,0.28,Connector Housing,0.23,Adjustable Lever,0.41,Nickel,0.31,Labor,Machine Calibration,0.46,Labor,Handling and Storage,0.45,Quality Control,Dimensional Inspection,0.18,Quality Control,Life Cycle Testing,0.22
060,9th July 2071,TechnoDynamic,TPS-118,Thermistor,0.76,Rubber Seal,0.41,Silicone Rubber,0.42,Labor,Surface Treatment,0.65,Road,0.62,7.71,854.42,7179.63,Temperature Sensor,1.46,Amplifier,0.23,Copper Wire,0.31,Rotary Shaft,0.35,Titanium,0.35,Labor,Electronic Testing,0.43,Labor,Inventory Management,0.29,Quality Control,Material Analysis,0.28,Quality Control,Vibration Analysis,0.13
061,12th July 2071,EcoAutoSolutions,O2-Sensor-216,LED,0.55,Actuator Arm,0.52,Brass,0.49,Labor,Electroplating,0.69,Sea,0.49,7.89,727.68,4776.24,Relay,0.77,Operational Amplifier,0.3,Plastic Knob,0.35,Cam Follower,0.45,Zinc,0.31,Labor,Assembly Line Setup,0.48,Labor,Import Duties,0.39,Quality Control,Pressure Testing,0.21,Quality Control,Reliability Testing,0.14
062,15th July 2071,NextLevelAuto,ECU-325,Diode,0.49,Connector Body,0.42,Glass,0.35,Labor,Molding,0.62,Air,0.61,6.92,1052.19,6359.58,Inductor,1.3,Crystal Oscillator,0.24,Steel Rod,0.26,Linkage Assembly,0.46,Graphite,0.41,Labor,Equipment Maintenance,0.4,Labor,Export Processing,0.46,Quality Control,Electrical Testing,0.19,Quality Control,Wear Testing,0.18
063,18th July 2071,AutoInnovateSolutions,TPS-119,Integrated Circuit,0.62,Valve Body,0.42,Rubber,0.4,Labor,Coating Application,0.6,Road,0.62,8.48,618.09,9001.01,Piezoelectric Sensor,1.47,Filter,0.32,Ceramic Disc,0.36,Control Arm,0.39,Lead,0.26,Labor,Worker Training,0.46,Labor,Customs Clearance,0.37,Quality Control,Chemical Analysis,0.21,Quality Control,Endurance Testing,0.28
064,21st July 2071,DynamicParts,ECU-326,Fuse,0.71,Heat Sink,0.55,Carbon Fiber,0.39,Labor,Heat Treatment,0.7,Sea,0.62,6.35,648.59,9276.05,Servo Motor,1.18,Rectifier,0.25,Metal Clip,0.3,Bushing Assembly,0.44,Iron,0.29,Labor,Safety Testing,0.55,Labor,Quality Assurance,0.43,Quality Control,Torque Testing,0.18,Quality Control,Non-Destructive Testing,0.11
065,24th July 2071,InnovateAuto,TPS-120,Voltage Regulator,0.75,Piston,0.47,Polycarbonate,0.35,Labor,Polishing,0.71,Air,0.6,7.99,555.97,4279.66,Optocoupler,0.99,Power Supply,0.24,Wire Harness,0.28,Pivot Point,0.37,Alloy Steel,0.27,Labor,Process Optimization,0.38,Labor,Supply Chain Management,0.27,Quality Control,Leak Testing,0.21,Quality Control,Durability Testing,0.23
066,27th July 2071,FutureTechAuto,O2-Sensor-217,Oscillator,0.75,Gasket,0.56,Teflon,0.38,Labor,Annealing,0.57,Road,0.48,7.24,1122.03,7431.84,Magnetic Sensor,1.01,Charge Controller,0.27,Spring,0.34,Slider Mechanism,0.35,Magnesium,0.28,Labor,Product Certification,0.47,Labor,Logistics Coordination,0.28,Quality Control,Acoustic Testing,0.28,Quality Control,Impact Testing,0.12
067,30th July 2071,AutoEcoTech,ECU-327,Transducer,0.59,Bracket Assembly,0.37,Ceramic,0.38,Labor,Casting,0.58,Sea,0.51,8.18,703.89,7179.2,Variable Resistor,1.4,Energy Harvester,0.36,Pin Connector,0.24,Rack and Pinion,0.38,Tungsten,0.32,Labor,Tooling Setup,0.42,Labor,Risk Management,0.44,Quality Control,Radiographic Inspection,0.28,Quality Control,Corrosion Testing,0.25
068,2nd August 2071,PartsInnovation,TPS-121,Photodiode,0.69,Switch Assembly,0.45,High-Density Polyethylene,0.48,Labor,Drilling,0.73,Road,0.55,7.61,840.69,7073.49,LCD Display,0.89,Signal Processor,0.29,Rivet,0.35,Helical Spring,0.31,Silicon,0.31,Labor,Firmware Updating,0.48,Labor,Inventory Optimization,0.32,Quality Control,Spectral Analysis,0.17,Quality Control,Thermal Cycling,0.13
069,5th August 2071,TechAutoInnovate,ECU-328,Piezoelectric Crystal,0.8,Frame Structure,0.59,Composite Material,0.44,Labor,Stamping,0.72,Air,0.44,7.73,1073.54,7719.35,RFID Chip,0.96,Hall Effect Sensor,0.32,Bearing,0.3,Sprocket Assembly,0.44,Bronze,0.39,Labor,Workflow Analysis,0.52,Labor,Transport Licensing,0.26,Quality Control,Ultrasonic Testing,0.31,Quality Control,Fatigue Testing,0.25
070,8th August 2071,InnovativeTechSolutions,O2-Sensor-218,Hall Sensor,0.68,Exhaust Clamp,0.44,Titanium Alloy,0.35,Labor,Laser Cutting,0.57,Sea,0.62,7.65,833.58,6114.18,Bluetooth Module,1.22,Analog-to-Digital Converter,0.29,Bolt,0.24,Link Chain,0.41,Platinum,0.35,Labor,Prototype Development,0.53,Labor,Order Processing,0.38,Quality Control,X-Ray Inspection,0.18,Quality Control,Load Testing,0.14
071,27th July 2071,FutureTechAuto,ECU-327,Voltage Regulator,0.66,Piston,0.51,Polycarbonate,0.45,Labor,Polishing,0.62,Air,0.56,8.6,1150,9890,Optocoupler,1.10,Power Supply,0.30,Wire Harness,0.36,Pivot Point,0.42,Alloy Steel,0.35,Labor,Process Optimization,0.57,Labor,Supply Chain Management,0.39,Quality Control,Leak Testing,0.23,Quality Control,Durability Testing,0.20
072,30th July 2071,AutoSolutionsInc,O2-Sensor-217,Oscillator,0.48,Gasket,0.43,Teflon,0.37,Labor,Annealing,0.59,Road,0.47,7.5,925,6937.5,Magnetic Sensor,0.95,Charge Controller,0.28,Spring,0.29,Slider Mechanism,0.40,Magnesium,0.38,Labor,Product Certification,0.43,Labor,Logistics Coordination,0.35,Quality Control,Acoustic Testing,0.21,Quality Control,Impact Testing,0.17
073,2nd August 2071,NextGenTech,ECU-328,Transducer,0.70,Bracket Assembly,0.46,Ceramic,0.42,Labor,Casting,0.71,Sea,0.50,7.8,975,7605,Variable Resistor,1.12,Energy Harvester,0.34,Pin Connector,0.35,Rack and Pinion,0.43,Tungsten,0.37,Labor,Tooling Setup,0.55,Labor,Risk Management,0.36,Quality Control,Radiographic Inspection,0.27,Quality Control,Corrosion Testing,0.15
074,5th August 2071,EcoAutoTech,TPS-121,Photodiode,0.69,Switch Assembly,0.50,High-Density Polyethylene,0.39,Labor,Drilling,0.65,Air,0.53,8.4,850,7140,LCD Display,1.05,Signal Processor,0.27,Rivet,0.33,Helical Spring,0.47,Silicon,0.35,Labor,Firmware Updating,0.48,Labor,Inventory Optimization,0.34,Quality Control,Spectral Analysis,0.22,Quality Control,Thermal Cycling,0.18
075,8th August 2071,InnovativeDesigns,ECU-329,Piezoelectric Crystal,0.52,Frame Structure,0.57,Composite Material,0.44,Labor,Stamping,0.63,Road,0.51,7.9,1000,7900,RFID Chip,1.15,Hall Effect Sensor,0.25,Bearing,0.27,Sprocket Assembly,0.39,Bronze,0.42,Labor,Workflow Analysis,0.46,Labor,Transport Licensing,0.37,Quality Control,Ultrasonic Testing,0.24,Quality Control,Fatigue Testing,0.16
076,11th August 2071,AutoTechGlobal,TPS-122,Hall Sensor,0.61,Exhaust Clamp,0.52,Titanium Alloy,0.43,Labor,Laser Cutting,0.58,Sea,0.49,8.2,875,7175,Bluetooth Module,1.08,Analog-to-Digital Converter,0.26,Bolt,0.31,Link Chain,0.44,Platinum,0.36,Labor,Prototype Development,0.50,Labor,Order Processing,0.38,Quality Control,X-Ray Inspection,0.25,Quality Control,Load Testing,0.19
077,14th August 2071,DynamicsAuto,ECU-330,Solenoid,0.57,Filter Housing,0.44,Fiberglass,0.38,Labor,Extrusion,0.66,Air,0.55,7.65,900,6885,Accelerometer,0.99,DC-DC Converter,0.32,Nut,0.29,Actuator Rod,0.41,Galvanized Steel,0.34,Labor,Operational Efficiency Analysis,0.54,Labor,Supply Network Planning,0.37,Quality Control,Hermetic Testing,0.20,Quality Control,Shock Testing,0.18
078,17th August 2071,FutureDrive,ABS-Sensor-111,Thermistor,0.64,Mounting Bracket,0.51,Polyurethane,0.35,Labor,Milling,0.72,Sea,0.47,8.7,950,8265,Touch Screen,1.02,Power Management IC,0.29,Clip,0.34,Adjustable Arm,0.38,Carbon Fiber,0.39,Labor,Benchmark Testing,0.49,Labor,Market Analysis,0.41,Quality Control,Environmental Stress Screening,0.26,Quality Control,Vibration Testing,0.17
079,20th August 2071,EcoAutoInnovations,O2-Sensor-218,LED,0.73,Seal Ring,0.55,Acrylic,0.41,Labor,Welding,0.60,Road,0.48,8.1,825,6682.5,GPS Module,1.09,Voltage Regulator IC,0.31,Wire,0.32,Telescopic Arm,0.45,Aluminum,0.37,Labor,Quality Assurance Planning,0.52,Labor,Customs Compliance,0.35,Quality Control,Magnetic Flux Leakage,0.23,Quality Control,Seismic Testing,0.14
080,23rd August 2071,TechAutoSolutions,ECU-331,RF Transceiver,0.68,Heatsink,0.49,Silicone,0.36,Labor,Forging,0.67,Air,0.52,7.7,1050,8085,Infrared Sensor,1.04,Charge Pump IC,0.33,Hook,0.28,Gear Assembly,0.42,Copper,0.41,Labor,Software Testing,0.47,Labor,Distribution Strategy,0.39,Quality Control,Electromagnetic Compatibility Testing,0.21,Quality Control,Pressure Cycling,0.16
081,26th August 2071,InnovativeMobility,TPS-123,Inductor,0.66,Latch Assembly,0.53,Polystyrene,0.34,Labor,Heat Treating,0.64,Sea,0.46,8.5,975,8287.5,Keypad,1.07,Phase-Locked Loop,0.24,Spacer,0.27,Cam Mechanism,0.43,Stainless Steel,0.38,Labor,Compliance Verification,0.51,Labor,Production Scheduling,0.36,Quality Control,Optical Inspection,0.22,Quality Control,Hydraulic Testing,0.15
082,29th August 2071,AutoFutureTech,ECU-332,Capacitor,0.59,Valve Body,0.47,Epoxy,0.39,Labor,Grinding,0.59,Road,0.49,7.8,900,7020,Zigbee Module,1.11,Feedback Controller,0.32,Chain,0.35,Linear Actuator,0.47,Nickel,0.37,Labor,Manufacturing Simulation,0.53,Labor,Freight Optimization,0.34,Quality Control,Dielectric Testing,0.24,Quality Control,Salt Spray Testing,0.17
083,1st September 2071,NextEraAuto,ABS-Sensor-112,Resistor,0.71,Bushing,0.56,Low-Density Polyethylene,0.42,Labor,Riveting,0.62,Sea,0.50,8.0,875,7000,Wi-Fi Module,1.00,Current Sensor,0.27,Wire Mesh,0.33,Swing Arm,0.46,Rubber,0.35,Labor,Energy Efficiency Analysis,0.49,Labor,Carrier Negotiation,0.38,Quality Control,Flammability Testing,0.23,Quality Control,Creep Testing,0.14
084,4th September 2071,EcoTechAutomotive,O2-Sensor-219,Microcontroller,0.65,O-Ring,0.54,Nylon,0.37,Labor,Knurling,0.61,Air,0.47,7.85,950,7457.5,Memory Chip,1.06,Power Factor Correction IC,0.30,Pulley,0.28,Bell Crank,0.39,Iron,0.40,Labor,Design Optimization,0.50,Labor,Contract Review,0.35,Quality Control,Harmonic Distortion Testing,0.25,Quality Control,Bend Testing,0.18
085,7th September 2071,DesignTechAuto,ECU-333,Diode,0.60,Connector Housing,0.45,Polyvinyl Chloride,0.38,Labor,Pressing,0.57,Road,0.51,8.3,925,7672.5,Servo Motor,1.03,Battery Management System,0.34,Screw,0.31,Push Rod,0.44,Lead,0.36,Labor,Reliability Testing,0.54,Labor,Shipping Strategy,0.37,Quality Control,Particle Emission Testing,0.22,Quality Control,Deflection Testing,0.16
086,10th September 2071,FutureAutoDesigns,TPS-124,Vibrator,0.62,Tube Assembly,0.52,High Impact Polystyrene,0.40,Labor,Planing,0.68,Sea,0.48,8.7,850,7420,Proximity Sensor,1.12,Supercapacitor,0.25,Lock Washer,0.29,Piston Assembly,0.41,Zinc,0.39,Labor,Product Lifespan Evaluation,0.52,Labor,Logistics Strategy,0.34,Quality Control,Leakage Current Testing,0.24,Quality Control,Stress Corrosion Cracking Testing,0.15
087,13th September 2071,TechDrivenAuto,ECU-334,Switch,0.67,Ball Joint,0.46,High-Density Polyethylene,0.41,Labor,Shaping,0.63,Air,0.49,7.5,1000,7500,RF Amplifier,1.09,Linear Regulator,0.28,Rod End,0.32,Track Roller,0.46,Graphite,0.37,Labor,Market Research,0.47,Labor,Delivery Coordination,0.39,Quality Control,Non-Destructive Testing,0.20,Quality Control,Hydrostatic Testing,0.18
088,16th September 2071,InnovateAutoTech,ABS-Sensor-113,Transmitter,0.74,Clamp,0.53,Glass Fiber,0.43,Labor,Soldering,0.56,Road,0.50,7.6,875,6650,Optical Sensor,0.98,Rectifier,0.26,Bearing,0.34,Wheel Assembly,0.48,Titanium,0.34,Labor,Operational Efficiency Analysis,0.51,Labor,Import/Export Compliance,0.36,Quality Control,Thermal Shock Testing,0.21,Quality Control,Impact Testing,0.14
089,19th September 2071,AutoInnovationLab,O2-Sensor-220,Processor,0.72,Bracket,0.55,Polyethylene Terephthalate,0.35,Labor,Assembling,0.58,Sea,0.46,7.9,900,7110,Accelerometer,1.07,DC-DC Converter,0.29,Bracket,0.27,Drive Shaft,0.39,Magnesium,0.40,Labor,Supply Chain Optimization,0.48,Labor,Warehouse Management,0.35,Quality Control,Acoustic Emission Testing,0.25,Quality Control,Fatigue Testing,0.17
090,22nd September 2071,NextGenAutoTech,ECU-335,Receiver,0.69,Flange,0.48,Polypropylene,0.37,Labor,Cutting,0.65,Road,0.52,8.2,1050,8610,Touch Panel,1.05,Boost Converter,0.31,Clip,0.28,Universal Joint,0.42,Silicon,0.38,Labor,Software Validation,0.53,Labor,Inventory Management,0.34,Quality Control,Radiographic Testing,0.22,Quality Control,Environmental Exposure Testing,0.16
091,25th September 2071,AutoEvolveTech,O2-Sensor-221,Inductor,0.68,Seal,0.49,Rubber,0.36,Labor,Coating,0.64,Sea,0.51,7.85,1025,8051.25,Solar Panel,1.08,Logic Gate,0.30,Terminal Block,0.35,Actuator,0.43,Steel,0.37,Labor,Performance Testing,0.55,Labor,Logistical Planning,0.38,Quality Control,Shock Testing,0.22,Quality Control,Water Resistance Testing,0.17
092,28th September 2071,TechPioneers,ECU-336,Transistor,0.65,Heat Exchanger,0.52,Aluminum,0.41,Labor,Stamping,0.59,Air,0.54,8.0,975,7800,RFID Transponder,1.02,Diode,0.28,Cable,0.32,Gear,0.45,Copper,0.39,Labor,Calibration,0.47,Labor,Distribution Planning,0.35,Quality Control,Voltage Testing,0.23,Quality Control,Pressure Testing,0.19
093,1st October 2071,InnovateTechSolutions,TPS-125,Sensor,0.70,Gasket,0.47,Silicone,0.38,Labor,Welding,0.62,Road,0.48,7.7,1100,8470,Amplifier,1.10,Resistor,0.27,Connector,0.33,Mount,0.40,Brass,0.36,Labor,Assembly,0.54,Labor,Quality Control,0.37,Quality Control,Inspection,0.25,Quality Control,Functionality Test,0.16
094,4th October 2071,AutoInnovations,O2-Sensor-222,Capacitor,0.63,Bracket,0.54,Plastic,0.35,Labor,Mounting,0.57,Sea,0.49,8.2,950,7790,Battery,1.03,Switch,0.32,Spring,0.31,Slider,0.42,Nickel,0.38,Labor,Testing,0.49,Labor,Procurement Strategy,0.36,Quality Control,Durability Testing,0.22,Quality Control,Leak Testing,0.18
095,7th October 2071,DynamicAutoDesigns,TPS-126,LED,0.58,Case,0.46,Glass,0.37,Labor,Printing,0.60,Air,0.52,7.9,1075,8492.5,Microprocessor,1.06,Sensor Array,0.31,Hinge,0.29,Shaft,0.41,Steel,0.35,Labor,Debugging,0.53,Labor,Supply Chain Analysis,0.34,Quality Control,Stress Analysis,0.24,Quality Control,Impact Resistance Testing,0.15
096,10th October 2071,PrecisionAutoTech,O2-Sensor-223,Resistor,0.67,Enclosure,0.45,Titanium,0.39,Labor,Engraving,0.61,Road,0.50,8.1,1020,8262,Controller,1.09,Fuse,0.33,Relay,0.34,Valve,0.43,Iron,0.37,Labor,Integration Testing,0.52,Labor,Operational Planning,0.36,Quality Control,Accuracy Testing,0.23,Quality Control,Cycle Testing,0.19
097,13th October 2071,AutoTechInnovations,ECU-337,Diode,0.62,Heat Sink,0.48,Polyester,0.36,Labor,Crimping,0.63,Sea,0.47,7.6,1050,7980,Inductor,1.04,Transistor,0.29,Switch,0.32,Pump,0.44,Ceramic,0.39,Labor,Functional Testing,0.50,Labor,Inventory Optimization,0.35,Quality Control,Temperature Testing,0.22,Quality Control,Humidity Testing,0.17
098,16th October 2071,NextGenInnovations,O2-Sensor-224,Capacitor,0.60,Fan,0.49,Silica,0.38,Labor,Gluing,0.58,Air,0.51,7.9,990,7821,Power IC,1.07,LED Driver,0.30,Heat Spreader,0.33,Cooling Fin,0.41,Alloy,0.35,Labor,Life Testing,0.56,Labor,Market Analysis,0.37,Quality Control,Seal Testing,0.24,Quality Control,Drop Testing,0.18
099,19th October 2071,InnovationAutoTech,TPS-127,Sensor,0.69,Shield,0.50,Acrylic,0.37,Labor,Bonding,0.62,Road,0.49,8.2,1080,8856,Microcontroller,1.12,Op-Amp,0.28,Terminal,0.31,Latch,0.42,Platinum,0.36,Labor,Safety Testing,0.53,Labor,Logistics Management,0.38,Quality Control,Contamination Testing,0.21,Quality Control,Abrasion Testing,0.16
100,22nd October 2071,TechAutoSolutions,ECU-338,Transducer,0.58,Mount,0.47,Rubber,0.35,Labor,Assembly,0.57,Sea,0.52,7.8,1035,8073,Converter,1.05,Regulator,0.32,Actuator,0.34,Bearing,0.43,Steel,0.34,Labor,Performance Evaluation,0.55,Labor,Production Control,0.36,Quality Control,Pressure Test,0.25,Quality Control,Sound Testing,0.19
101,25th October 2071,AutoInnovationSolutions,O2-Sensor-225,LED Driver,0.65,Base,0.46,Polyethylene,0.36,Labor,Drilling,0.60,Road,0.47,7.7,1010,7777,Processor,1.03,Sensor,0.31,Filter,0.35,Nozzle,0.44,Aluminium,0.35,Labor,Diagnostic Testing,0.49,Labor,Risk Management,0.34,Quality Control,Water Testing,0.22,Quality Control,Ageing Testing,0.17
102,28th October 2071,PrecisionComponents,TPS-128,Amplifier,0.63,Bracket,0.52,Steel,0.39,Labor,Wiring,0.65,Air,0.53,8.0,1075,8600,Buzzer,1.00,Speaker,0.27,Mounting Plate,0.30,Knob,0.41,Copper,0.37,Labor,Usability Testing,0.54,Labor,Sustainability Analysis,0.35,Quality Control,Functional Verification,0.23,Quality Control,Material Compatibility Testing,0.18
103,31st October 2071,InnovativeEngineering,O2-Sensor-226,Resistor,0.66,Case,0.47,Plastic,0.34,Labor,Fixing,0.59,Sea,0.48,7.5,1045,7935,Controller,1.08,Fuse,0.30,Relay,0.36,Valve,0.45,Iron,0.38,Labor,Integration Testing,0.51,Labor,Operational Planning,0.39,Quality Control,Accuracy Testing,0.20,Quality Control,Cycle Testing,0.15
104,3rd November 2071,AutoTechInnovations,ECU-339,Diode,0.61,Heat Sink,0.49,Polyester,0.35,Labor,Crimping,0.64,Sea,0.46,7.4,1060,8001,Inductor,1.06,Transistor,0.33,Switch,0.32,Pump,0.46,Ceramic,0.40,Labor,Functional Testing,0.48,Labor,Inventory Optimization,0.37,Quality Control,Temperature Testing,0.21,Quality Control,Humidity Testing,0.16
105,6th November 2071,NextGenAutoSolutions,O2-Sensor-227,Capacitor,0.59,Fan,0.50,Silica,0.37,Labor,Gluing,0.57,Air,0.50,7.3,990,7850,Power IC,1.09,LED Driver,0.29,Heat Spreader,0.35,Cooling Fin,0.40,Alloy,0.36,Labor,Life Testing,0.57,Labor,Market Analysis,0.36,Quality Control,Seal Testing,0.25,Quality Control,Drop Testing,0.17
106,9th November 2071,InnovationTechParts,TPS-129,Sensor,0.68,Shield,0.51,Acrylic,0.38,Labor,Bonding,0.61,Road,0.52,8.3,1070,8887,Microcontroller,1.11,Op-Amp,0.34,Terminal,0.33,Latch,0.43,Platinum,0.39,Labor,Safety Testing,0.52,Labor,Logistics Management,0.37,Quality Control,Contamination Testing,0.24,Quality Control,Abrasion Testing,0.19
107,12th November 2071,TechInnovations,ECU-340,Transducer,0.57,Mount,0.48,Rubber,0.36,Labor,Assembly,0.58,Sea,0.51,7.2,1020,8064,Converter,1.04,Regulator,0.31,Actuator,0.31,Bearing,0.42,Steel,0.33,Labor,Performance Evaluation,0.56,Labor,Production Control,0.38,Quality Control,Pressure Test,0.22,Quality Control,Sound Testing,0.18
108,15th November 2071,AutoInnovationSystems,O2-Sensor-228,LED Driver,0.64,Base,0.45,Polyethylene,0.37,Labor,Drilling,0.59,Road,0.49,7.1,1015,7798,Processor,1.02,Sensor,0.32,Filter,0.34,Nozzle,0.45,Aluminium,0.34,Labor,Diagnostic Testing,0.50,Labor,Risk Management,0.35,Quality Control,Water Testing,0.23,Quality Control,Ageing Testing,0.20
109,18th November 2071,PrecisionAutoParts,TPS-130,Amplifier,0.62,Bracket,0.53,Steel,0.40,Labor,Wiring,0.66,Air,0.47,8.4,1065,8615,Buzzer,0.99,Speaker,0.28,Mounting Plate,0.29,Knob,0.42,Copper,0.36,Labor,Usability Testing,0.55,Labor,Sustainability Analysis,0.34,Quality Control,Functional Verification,0.21,Quality Control,Material Compatibility Testing,0.16
110,21st November 2071,EngineeringSolutions,O2-Sensor-229,Resistor,0.67,Case,0.46,Plastic,0.33,Labor,Fixing,0.60,Sea,0.50,7.0,1030,7946,Controller,1.07,Fuse,0.29,Relay,0.37,Valve,0.44,Iron,0.37,Labor,Integration Testing,0.49,Labor,Operational Planning,0.36,Quality Control,Accuracy Testing,0.22,Quality Control,Cycle Testing,0.17
